feature,importance
interest_factor,0.3637149083518177
age,0.23297967635550235
longitude_gps,0.20121944319865853
latitude_gps,0.19137684590233847
bank_account_type_Savings,0.12039611269319703
termdays,0.10550397088659212
bank_account_type_Other,0.10186753200931224
employment_status_clients_Unknown,0.0886957079786543
totaldue,0.06345794968965958
loanamount,0.047787821691314
bank_name_clients_GT Bank,0.047689975512408715
referredby_Unknown,0.047556178100042285
bank_name_clients_Diamond Bank,0.040573875577802405
level_of_education_clients_Unknown,0.0399912910470953
employment_status_clients_Permanent,0.03956699150595886
bank_name_clients_Stanbic IBTC,0.0349252746035227
bank_name_clients_UBA,0.018257868480915918
bank_name_clients_First Bank,0.01735846715262378
bank_name_clients_Zenith Bank,0.016497692985474155
level_of_education_clients_Secondary,0.010774836959293519
employment_status_clients_Self-Employed,0.009617401533625494
bank_name_clients_FCMB,0.009255868423365704
bank_name_clients_EcoBank,0.007127016580958074
employment_status_clients_Unemployed,0.006694464287585291
level_of_education_clients_Post-Graduate,0.006234278363494122
bank_name_clients_Skye Bank,0.004671040276474349
bank_name_clients_Sterling Bank,0.004432125423658317
bank_branch_clients_Unknown,0.0037268758413906656
bank_name_clients_Fidelity Bank,0.003226057956033928
employment_status_clients_Student,0.00303557779664601
referredby_8a858f495bcefdb9015bd28dd6a91ae3,0.0
referredby_8a858f4c5bb597f6015bc09458821bdb,0.0
referredby_8a858f4c5bb597f6015bc37ca2495d1e,0.0
referredby_8a858f4c5bc9eb48015bca216c74199a,0.0
referredby_8a858f4e5ba5e8d3015ba99033a10cd3,0.0
referredby_8a858f385b34d285015b388b44a27edf,0.0
referredby_8a858f385b34d285015b387bcb86740a,0.0
referredby_8a858f385b34d285015b36b6a49b08d1,0.0
referredby_8a858f385b34d285015b368d23720716,0.0
referredby_8a858f375b807923015b80c6afc537ae,0.0
referredby_8a858f4e5ca72981015cab698acd7f40,0.0
referredby_8a858f375b493337015b494169b00e07,0.0
referredby_8a858f525bedff8d015bef815d3c6d46,0.0
referredby_8a858f4e5ca72981015ca78d16c126e2,0.0
referredby_8a858f3b5c1c5a08015c1c6897ac062b,0.0
referredby_8a858f3b5c1c5a08015c1f69e3786a85,0.0
referredby_8a858f395b3968f6015b3970a22f0ba7,0.0
referredby_8a858f3d5b4411b7015b47d39a1f0401,0.0
referredby_8a858f3e57e2cfcf0157e66df8327b91,0.0
referredby_8a858f3e589c40610158b48a71b430d3,0.0
referredby_8a858f3f5c35c74a015c38ba4efc74cb,0.0
referredby_8a858f495bcefdb9015bcf9d6b173bf5,0.0
referredby_8a858f435cd01e6a015cd0bafa8d502f,0.0
referredby_8a858f455d3c7024015d3c7626350376,0.0
referredby_8a858f4655ca643c0155ccc7c480502f,0.0
referredby_8a858f465668e3d601568add9c6a4fe0,0.0
referredby_8a858f475be98d5f015be991bd340215,0.0
referredby_8a858f475c7ea023015c7ef5a10311c0,0.0
referredby_8a858f475c7ea023015c81ad999a0386,0.0
referredby_8a858f485d182cde015d186e2f753133,0.0
referredby_8a858f435aa9712e015aa9e8e9735ca6,0.0
referredby_8a858f625b43c0a1015b43eff5df430b,0.0
referredby_8a858f645cac1a7e015cac2a1a5911f4,0.0
referredby_8a858f665c2142a0015c2cf209e20a6f,0.0
referredby_8a858f665cf43442015cf4504cd91679,0.0
referredby_8a858f685acd5951015acd609d0803c4,0.0
referredby_8a858f695b5cbd3a015b5cd5ff29188a,0.0
referredby_8a858f6c5bf84cd0015bf867a6ed0981,0.0
referredby_8a858f6e5a951fc2015a99d60afa0a68,0.0
referredby_8a858f375b493337015b4a7a04286bac,0.0
referredby_8a858f70575165bf015751e29adf30d0,0.0
referredby_8a858f70575165bf0157564b41f10c18,0.0
referredby_8a858f725b49c0c0015b4d09b3876961,0.0
referredby_8a858f725b49c0c0015b5138f7da5c85,0.0
referredby_8a858f725b49c0c0015b525cb85f0552,0.0
referredby_8a858f725b49c0c0015b55555c7c5bef,0.0
referredby_8a858f725b49c0c0015b56d2ee6824d9,0.0
referredby_8a858f735aec46c4015aec68410613ed,0.0
referredby_8a858f765a4e7c76015a5086a54e39cf,0.0
referredby_8a858f6e5b1a4fd0015b1a555f54042b,0.0
referredby_8a858f535908095c01591ce9992f00c5,0.0
referredby_8a858f535908095c01592c4a9576186c,0.0
referredby_8a858f535bf336ac015bf721c64b7bd6,0.0
referredby_8a858f545ad7fa6f015adbe5c20e17bc,0.0
referredby_8a858f565b683b56015b6e9302a77dd1,0.0
referredby_8a858f565b683b56015b70b951992639,0.0
referredby_8a858f585bfd6341015bfed6f96d6046,0.0
referredby_8a858f585bfd6341015c00cba7e11878,0.0
referredby_8a858f5a57519e48015774cfff892e8d,0.0
referredby_8a858f615b910db3015b966a2a3d33f4,0.0
referredby_8a858f5c5ad7d927015ad8d3ea7b5cca,0.0
referredby_8a858f5d5963fbb701596519a1b74190,0.0
referredby_8a858f5e5cb23c77015cc061b752625b,0.0
referredby_8a858f605b911d60015b9170209c2fb2,0.0
referredby_8a858f605b911d60015b9b0d0fce6913,0.0
referredby_8a858f615578136301557e762f974b9f,0.0
referredby_8a858f615591c2cc01559597a77202c6,0.0
referredby_8a858f615591c2cc01559c6b1ae9699d,0.0
referredby_8a858f615b1ffb14015b2316f57f3839,0.0
referredby_8a858f5b5bee1b11015bee3c86711191,0.0
referredby_8a858f1b5b256bc9015b2bd3050a1fc7,0.0
referredby_8a858f1b5b256bc9015b2f998c4d6822,0.0
referredby_8a858f1b5b256bc9015b32bde0634e71,0.0
referredby_8a858f1b5b9136f7015b9f66e5c5327c,0.0
referredby_8a858f1d5c7db9e2015c7dcd87810cd3,0.0
referredby_8a858f1e5add5268015add535fe800a4,0.0
referredby_8a858f1e5add5268015ade70d6e220fa,0.0
referredby_8a858f755af1caee015af206036c172c,0.0
referredby_8a858f1e5aec5791015aef876abb0dbc,0.0
referredby_8a858f1f5c834d4f015c861d99436c74,0.0
referredby_8a858f225b3dc49e015b3ddbb4e81dee,0.0
referredby_8a858f225b3dc49e015b3e084e3f5362,0.0
referredby_8a858f225bfdb280015bfe6280983415,0.0
referredby_8a858f225bfdb280015c0c98b6ca631b,0.0
referredby_8a858f235b8bf5bc015b8bf94dbc0278,0.0
referredby_8a858f255ca276c5015ca6175ff526db,0.0
referredby_8a858f1e5add5268015aea11ac2871cf,0.0
referredby_8a858f045bb63525015bc84a44753992,0.0
referredby_8a858f055b15b8d3015b164758eb3a24,0.0
referredby_8a858f065b1fe50a015b236489d57fb6,0.0
referredby_8a858f065cf41809015cf44c98422994,0.0
referredby_8a858f085a477386015a4a4e163019b5,0.0
referredby_8a858f085b905684015b9078144f1fcc,0.0
referredby_8a858f085cf4e173015cf88e44cb69e4,0.0
referredby_8a858f095c3b2c30015c3ee471d433d2,0.0
referredby_8a858f1b5a601b5a015a609f5b984127,0.0
referredby_8a858f0f5bfd79d2015c0c2370d436a1,0.0
referredby_8a858f115b80b9dd015b81383fba4090,0.0
referredby_8a858f155554552501555588ca2b3b40,0.0
referredby_8a858f155b24e303015b24f3a07610b5,0.0
referredby_8a858f165b147438015b149b3acc1b44,0.0
referredby_8a858f165bf7b5ca015bf7b8e30e0199,0.0
referredby_8a858f185c884965015c88980e642dc1,0.0
referredby_8a858f1955b1c4df0155cbc73590682a,0.0
referredby_8a858f0f5bfd79d2015c02f301117179,0.0
referredby_8a858f2c585375f00158688cf76b3db7,0.0
referredby_8a858f2c59cb2d550159cbf3d0437cb5,0.0
referredby_8a858f2e5c699f3a015c6d9e1364767d,0.0
referredby_8a858f2f54e28d53015501644a7f4cbf,0.0
referredby_8a858f30551130db01552563f6780605,0.0
referredby_8a858f305c8dd672015c997141130c2e,0.0
referredby_8a858f305cb1ec4e015cc41c66eb41b8,0.0
referredby_8a858f255ca276c5015ca63c859537ef,0.0
referredby_8a858f315ccb979d015ccca093973142,0.0
referredby_8a858f3355ae6a610155c583cc8e034d,0.0
referredby_8a858f335b61adff015b61b479ea0494,0.0
referredby_8a858f335c8d9723015c9904394f186f,0.0
referredby_8a858f335c8d9723015c9afe6a2552cc,0.0
referredby_8a858f335c8d9723015c9c1a07d8681a,0.0
referredby_8a858f365b2547f3015b2bfd85c85ec1,0.0
referredby_8a858f365b2547f3015b307651737158,0.0
referredby_8a858f3159f585d30159f87d1a2877db,0.0
referredby_8a858f255cb1710a015cb52df5760337,0.0
referredby_8a858f255cb1710a015cb851bf7c77fe,0.0
referredby_8a858f265c2187bd015c254c6c395bef,0.0
referredby_8a858f265c2187bd015c2686b0ad1782,0.0
referredby_8a858f275c451af5015c52e90bb11bfe,0.0
referredby_8a858f275c451af5015c5426a1de3649,0.0
referredby_8a858f275c451af5015c54543f824e92,0.0
referredby_8a858f285c7d70a4015c7d86438a0fa5,0.0
referredby_8a858f2c585375f00158678b108144f8,0.0
referredby_8a858f295c8d307f015c93a9ccda7eb7,0.0
referredby_8a858f295c8d307f015c95b5b13724f7,0.0
referredby_8a858f295c8d307f015c9b4d5c570061,0.0
referredby_8a858f295ca6f581015ca77afccb5d6d,0.0
referredby_8a858f2a5b3f2121015b415a99f4168b,0.0
referredby_8a858f2a5b3f2121015b4245ef6367ea,0.0
referredby_8a858f2b5b870cfe015b88b66b6673de,0.0
referredby_8a858f2b5bf35819015bf3cc59193622,0.0
referredby_8a858f285c7d70a4015c7dd9108348aa,0.0
referredby_8a858fcb5c87dd04015c882423cd3abd,0.0
referredby_8a858fcb5ca240f7015ca6166a3375c4,0.0
referredby_8a858fcb5ca240f7015ca67284a42f30,0.0
referredby_8a858fce5bf8129c015bf9ff58e90318,0.0
referredby_8a858fce5bf8129c015bfbcdde9467f6,0.0
referredby_8a858fd05adc4bcf015adc5f993b138c,0.0
referredby_8a858fd05bfd7d3c015c0be492e56e29,0.0
referredby_8a858f045bc9690c015bc9a82a3c19aa,0.0
referredby_8a858fd45a4260bc015a437a12c853c0,0.0
referredby_8a858fd45bf83e54015bf83efa9d004f,0.0
referredby_8a858fd55c45ba15015c4fed6f06015e,0.0
referredby_8a858fd55c45ba15015c4ff456a202e9,0.0
referredby_8a858fd75bb62bbe015bba3ca3b06158,0.0
referredby_8a858fd75bb62bbe015bc4d0514c622f,0.0
referredby_8a858fd75bb62bbe015bc52a13c36f6c,0.0
referredby_8a858fd85b685607015b72cd5bb64a25,0.0
referredby_8a858fd35b5dfefb015b5f002aa050a3,0.0
referredby_8a858fba5cd5feee015cdf5025e10f56,0.0
referredby_8a858fba5cd5feee015ce05bf405384e,0.0
referredby_8a858fbf5b3a0b46015b3a75f2633e33,0.0
referredby_8a858fbf5b3a0b46015b3ac9ef325d05,0.0
referredby_8a858fbf5c1ba55b015c1bbf2fcf1184,0.0
referredby_8a858fc259da7a360159da9011bd0e86,0.0
referredby_8a858fc45c63d75d015c64d986e30084,0.0
referredby_8a858fc55b00e79e015b055959ee5e97,0.0
referredby_8a858fca5c830943015c870395876947,0.0
referredby_8a858fc55b2548dd015b28bb609670b2,0.0
referredby_8a858fc55b2548dd015b2fd12423240e,0.0
referredby_8a858fc55b2fde30015b300d85e20ef2,0.0
referredby_8a858fc65c7e0e55015c7f71c0ec64e0,0.0
referredby_8a858fc75b90e6b5015b9c1cebad3e18,0.0
referredby_8a858fc959bb192f0159bb468bac1d4e,0.0
referredby_8a858fc959bb192f0159bc06dde5085c,0.0
referredby_8a858fca5c35df2c015c39f8efd26149,0.0
referredby_8a858fc55b2548dd015b286e452c678c,0.0
referredby_8a858fee5800e000015805aae2fe4ef8,0.0
referredby_8a858fee58d73f5f0158e3e9c6176212,0.0
referredby_8a858fef570f30e501571f8c9b393e0c,0.0
referredby_8a858ff05b1ac77f015b1ac8027f0073,0.0
referredby_8a858ff15b5d3f84015b5d509bd61cae,0.0
referredby_8a858ff259d1429e0159d2d0194c4b8e,0.0
referredby_8a858ff25c8250c1015c82907bc62b42,0.0
referredby_8a858fd85b685607015b7ba5638674c0,0.0
referredby_8a858ff45be92ea2015be991525a2f79,0.0
referredby_8a858ff45be92ea2015be9db14023e1e,0.0
referredby_8a858ff85bd93919015bda56605652bd,0.0
referredby_8a858ff9580b8812015815c32c7b1cd8,0.0
referredby_8a858ffa5ad810ff015ad82004960681,0.0
referredby_8a858ffc5852f33d01585542e78e06f8,0.0
referredby_8a858ffd5b391849015b396573d05c77,0.0
referredby_8a858ffd5c8d343d015c8eae471c7b48,0.0
referredby_8a858ff35acdd593015ad12db5593535,0.0
referredby_8a858fd85b685607015b7bf160dd7dfe,0.0
referredby_8a858fd95c3b5bca015c438aac9e415e,0.0
referredby_8a858fdc57ab280a0157b277e9ff6d53,0.0
referredby_8a858fde56eb02280156eb911f1e3872,0.0
referredby_8a858fdf5bf85f71015bf8bc66792023,0.0
referredby_8a858fdf5bf85f71015bf90560683095,0.0
referredby_8a858fdf5bf85f71015bf93c8dd53cc7,0.0
referredby_8a858fe25b8c4e5c015b8f61faf34239,0.0
referredby_8a858fed5a3d7bb7015a3de90f6c297c,0.0
referredby_8a858fe55b869107015b86d3071740d2,0.0
referredby_8a858fe65675195a0156766ebdb042c8,0.0
referredby_8a858fe756939bbb0156993f3dda2d08,0.0
referredby_8a858fea5b391cd7015b393aed9e2a04,0.0
referredby_8a858fea5b8c314d015b8f446e883cad,0.0
referredby_8a858fec5b5c994b015b5c9ababf013b,0.0
referredby_8a858fec5c169ff0015c16a935bc04b2,0.0
referredby_8a858fed5a28bf0e015a29acfb4b3fcf,0.0
referredby_8a858fe45cd62cbf015ce67f3f26051a,0.0
referredby_8a858f8f5bfd3cfa015bff332a9455b1,0.0
referredby_8a858f8f5bfd3cfa015c00d9519d7cee,0.0
referredby_8a858f8f5bfd3cfa015c026e474b47a5,0.0
referredby_8a858f8f5bfd3cfa015c0bff67f55d4b,0.0
referredby_8a858f905c06a9c0015c06f14e5506fb,0.0
referredby_8a858f915cf8c38b015cf900f2312851,0.0
referredby_8a858f93572e873c01573e5728586df8,0.0
referredby_8a858fba5c1b5c10015c1b6bce4a075a,0.0
referredby_8a858f965bb63a25015bc2ddf2577416,0.0
referredby_8a858f965bb63a25015bc8a2a6d243fc,0.0
referredby_8a858f975c4582c4015c4e46f789665d,0.0
referredby_8a858f975c4582c4015c54619e9b7e2b,0.0
referredby_8a858f975c4582c4015c561116aa65ea,0.0
referredby_8a858f985b3db23f015b3dbdadc8145b,0.0
referredby_8a858f99560bbe45015613f9b9fa2171,0.0
referredby_8a858f995623749101562b51bcad0eca,0.0
referredby_8a858f965bb63a25015bbb332f6f7592,0.0
referredby_8a858f795896e56b0158a4eb84d1648d,0.0
referredby_8a858f7958b0a4a80158b4e352b6367b,0.0
referredby_8a858f7a5b39a003015b39ca67ab2efb,0.0
referredby_8a858f7d5578012a015579e9cfd56f51,0.0
referredby_8a858f7d5ab3ca4b015ab769621b5811,0.0
referredby_8a858f7d5cf9aef9015cfe8fde1763ac,0.0
referredby_8a858f7d5cf9aef9015cff00020175f0,0.0
referredby_8a858f7d5cf9aef9015cffc97211089d,0.0
referredby_8a858f8f5bfd3cfa015bfe947ef14c93,0.0
referredby_8a858f7e5c69a6e3015c7abe2c1b37d3,0.0
referredby_8a858f7e5c886ca9015c89215212546b,0.0
referredby_8a858f855bf2f1ad015bf5c0e6c01b8a,0.0
referredby_8a858f8658c206a90158c93edbb13b71,0.0
referredby_8a858f865bee36ad015bf1168c727179,0.0
referredby_8a858f875afc0db0015afee056815c8a,0.0
referredby_8a858f895b1f9aec015b1ff32a664db3,0.0
referredby_8a858f8e5b8c34d3015b8cb7246e3f40,0.0
referredby_8a858f7e5c69a6e3015c6d308889653b,0.0
referredby_8a858fa95c695f85015c6aba473a5478,0.0
referredby_8a858fa95c695f85015c780af573028d,0.0
referredby_8a858fab5b9105dc015b999726de4412,0.0
referredby_8a858fab5cd5e1a7015cd9c3b9ae0f29,0.0
referredby_8a858fab5cd5e1a7015ce34b7abd0bb2,0.0
referredby_8a858fad5bf85d5e015bf8efc79e33dd,0.0
referredby_8a858fad5bf85d5e015bf91a60f63b83,0.0
referredby_8a858f995bcdb303015bcdb8f52f0478,0.0
referredby_8a858faf56939fea01569f7f791b4369,0.0
referredby_8a858fb15b34a708015b34e097fa30af,0.0
referredby_8a858fb65b2020b2015b205fe7a63993,0.0
referredby_8a858fb65b2020b2015b23c6042023b2,0.0
referredby_8a858fb85b81c658015b81c9ff880479,0.0
referredby_8a858fb85b81c658015b8508fbb237a1,0.0
referredby_8a858fb85b81c658015b853e87955e7f,0.0
referredby_8a858fb959976ce0015998f0a628583b,0.0
referredby_8a858fad5bf85d5e015bf96d6d254a0d,0.0
referredby_8a858f995c63d7ef015c65a8d83a03c8,0.0
referredby_8a858f9d5668e3f10156767e9a0f0188,0.0
referredby_8a858f9f5bd99987015be3f53cb442d9,0.0
referredby_8a858f9f5bd99987015be41c167f470c,0.0
referredby_8a858fa05908043801590d3c3a4e6f83,0.0
referredby_8a858fa154daefc00154df6b9c792ca8,0.0
referredby_8a858fa154e2912f0154e2f6b3da1e13,0.0
referredby_8a858fa154e2912f0154ee239b0857f0,0.0
referredby_8a858fa75b5c94ed015b5ca7267d13f2,0.0
referredby_8a858fa25bd92c20015bdbe4fac67f20,0.0
referredby_8a858fa25bd92c20015be3783b7a6a29,0.0
referredby_8a858fa3551e78cb01552596fed60cec,0.0
referredby_8a858fa359d61dae0159d698bf503d29,0.0
referredby_8a858fa4552add9f0155467c89c31293,0.0
referredby_8a858fa45bd95e9a015bdc9f83f311fb,0.0
referredby_8a858fa55cc5dbbc015cc5f1c8930e9a,0.0
referredby_8a858fa75b5c94ed015b5c9d50890bb4,0.0
referredby_8a858fa15c8ceaaa015c8d7922144eda,0.0
referredby_8a858e195af64338015af6bc45ef5aef,0.0
referredby_8a858e195b90e512015b95ce3ef53c7a,0.0
referredby_8a858e1a59cbf7460159d0335d9a6a03,0.0
referredby_8a858e1d5b2510b2015b2b12369c625a,0.0
referredby_8a858e1d5cd58f9e015cdfe7c50d380b,0.0
referredby_8a858e1e5b47f961015b480939510c02,0.0
referredby_8a858e1f5cac899f015cad22e40430d2,0.0
referredby_8a858ffd5c8d343d015c9be64cc850f0,0.0
referredby_8a858e215ca77c7f015ca871c384393d,0.0
referredby_8a858e225c404292015c535830d47502,0.0
referredby_8a858e225c404292015c541632fc2d77,0.0
referredby_8a858e225c404292015c547de47a4ada,0.0
referredby_8a858e245b680423015b6fe6e6976937,0.0
referredby_8a858e245b680423015b7ad113d6259a,0.0
referredby_8a858e245c5f3f7c015c5f7e5d641333,0.0
referredby_8a858e255a423087015a466009d66e93,0.0
referredby_8a858e2155defefd0155e88ca1b22485,0.0
referredby_8a858e0256b781d80156c61477910b6b,0.0
referredby_8a858e0256b781d80156ca9f1d3c2e72,0.0
referredby_8a858e025ab3a6c2015ab74cfa5c4431,0.0
referredby_8a858e0359bb64590159bff9ea0c4105,0.0
referredby_8a858e045b495c30015b49b40d522144,0.0
referredby_8a858e055ac84a51015ac944e21e6883,0.0
referredby_8a858e0f5c45466f015c4bf3a7cd77bc,0.0
referredby_8a858e105bd92644015bd92816fa0073,0.0
referredby_8a858e185b4923b4015b536354895cae,0.0
referredby_8a858e105bd92644015bdc54519566e5,0.0
referredby_8a858e105bd92644015bdd2f7a981936,0.0
referredby_8a858e125b391784015b395fa56243e6,0.0
referredby_8a858e135c7e2eec015c813211a96674,0.0
referredby_8a858e135cb22031015cb723f07f66f8,0.0
referredby_8a858e135cb22031015cb7f9700e06f8,0.0
referredby_8a858e145bf81459015bfb14c0187f03,0.0
referredby_8a858e1556321b940156368d95d74291,0.0
referredby_8a858e105bd92644015bdaea61965690,0.0
referredby_8a858e4357be1daf0157c4213f1968e4,0.0
referredby_8a858e435bedeb4f015beefb8a294d30,0.0
referredby_8a858e495cef1ef1015cef8066103757,0.0
referredby_8a858e495d1e235c015d30d5ddb42149,0.0
referredby_8a858e4b5a94ae68015a9a8f07ab3b6a,0.0
referredby_8a858e4b5c831f02015c83bd0d353711,0.0
referredby_8a858e4b5c831f02015c87b82f731ce9,0.0
referredby_8a858e255b910db1015b91c0c8433384,0.0
referredby_8a858e4f58b9f0b40158c027a53e65a8,0.0
referredby_8a858e51584a1fc701584a2d9653035b,0.0
referredby_8a858e51584a1fc701584ef9749a7d80,0.0
referredby_8a858e585693982b0156adba96202a26,0.0
referredby_8a858e59569397d50156aa587773414a,0.0
referredby_8a858e5a5be99e1c015be9fc8d12143c,0.0
referredby_8a858e5b5bd99460015bd9e9ee2e18f4,0.0
referredby_8a858e5f5a41b97f015a4212766e2f84,0.0
referredby_8a858e4c5a715421015a7160ed750369,0.0
referredby_8a858e275b349e25015b384ed5222fcb,0.0
referredby_8a858e285aa8cfc1015aa8fd90951f5a,0.0
referredby_8a858e2d5bb55d46015bb55e67600058,0.0
referredby_8a858e2d5bb55d46015bc86b9e566836,0.0
referredby_8a858e325b3e903a015b3e9a2fba0b3e,0.0
referredby_8a858e325d60aaf2015d61746b213f1f,0.0
referredby_8a858e335b806e4d015b807c181d101f,0.0
referredby_8a858e335c1122c5015c116f9bd31ef8,0.0
referredby_8a858e3d5c3b5122015c43f776bd4a3a,0.0
referredby_8a858e345bd96da8015bda7ce5f33ec9,0.0
referredby_8a858e345c788b37015c792c68fd5717,0.0
referredby_8a858e375b347293015b347501e10206,0.0
referredby_8a858e395cb1d4d9015cbd121e2a20c7,0.0
referredby_8a858e395cb1d4d9015cc0480a8943bd,0.0
referredby_8a858e395cb1d4d9015cc15f03193c90,0.0
referredby_8a858e3a5bed83ab015bedad8d191c74,0.0
referredby_8a858e3c5cac9fcc015cafc54f557506,0.0
referredby_8a858e345bd96da8015bd97f85df06c8,0.0
bank_branch_clients_AKUTE,0.0
bank_branch_clients_APAPA,0.0
"bank_branch_clients_BOSSO ROAD, MINNA",0.0
"bank_branch_clients_DUGBE,IBADAN",0.0
bank_branch_clients_GBAGADA,0.0
bank_branch_clients_LAGOS,0.0
bank_branch_clients_LEKKI EPE,0.0
referredby_8a858e005ca7abe3015cac3d9960218c,0.0
bank_branch_clients_MUSHIN BRANCH,0.0
bank_branch_clients_OAU ILE IFE,0.0
bank_branch_clients_OBA ADEBIMPE,0.0
bank_branch_clients_OBA AKRAN,0.0
bank_branch_clients_OBA AKRAN BERGER PAINT,0.0
bank_branch_clients_OGBA,0.0
"bank_branch_clients_OGUDU, OJOTA",0.0
bank_branch_clients_OJUELEGBA,0.0
bank_branch_clients_MAFOLUKU,0.0
repayment_delay,0.0
loan_active_days,0.0
bank_account_type_Unknown,0.0
bank_name_clients_Heritage Bank,0.0
bank_name_clients_Keystone Bank,0.0
bank_name_clients_Standard Chartered,0.0
bank_name_clients_Union Bank,0.0
bank_name_clients_Unity Bank,0.0
bank_branch_clients_AKURE BRANCH,0.0
bank_name_clients_Wema Bank,0.0
"bank_branch_clients_17, SANUSI FAFUNWA STREET, VICTORIA ISLAND, LAGOS",0.0
"bank_branch_clients_40,SAPELE ROAD ,OPPOSITE DUMAZ JUNCTION BENIN CITY EDO STATE.",0.0
bank_branch_clients_ABEOKUTA,0.0
bank_branch_clients_ABULE EGBA,0.0
"bank_branch_clients_ACCESS BANK PLC, CHALLENGE ROUNDABOUT IBADAN, OYO STATE.",0.0
bank_branch_clients_ADEOLA HOPEWELL,0.0
bank_branch_clients_AJOSE ADEOGUN,0.0
bank_name_clients_Unknown,0.0
referredby_8a8588dd54be35520154c9ffe1f03738,0.0
referredby_8a8588f35451808f01545e9791a07d7f,0.0
referredby_8a8589045384bd8301539e134b745638,0.0
referredby_8a85892854a059ed0154aa7276e55a23,0.0
referredby_8a85898a53bc15600153cdd9fae978e0,0.0
referredby_8a8589a453bc422d0153c7aef31f02bd,0.0
referredby_8a8589ac53a917ed0153a9f9e614244b,0.0
referredby_8a8589b953d0be470153d20503ec69ee,0.0
"bank_branch_clients_PLOT 999C DANMOLE STREET, ADEOLA ODEKU, VICTORIA ISLAND, LAGOS",0.0
referredby_8a8589ec542eaa8901544d30b510384d,0.0
referredby_8a8589ec54517bf901546122c8862bab,0.0
referredby_8a8589f35451855401547fc55caa6cd5,0.0
referredby_8a8589f853f100fb015402f057354ac0,0.0
referredby_8a8589f853f100fb01540a3551f034bd,0.0
referredby_8a8589f853f100fb01540ed945a70efd,0.0
referredby_8a858e005c2154c2015c232814734b28,0.0
referredby_8a858e005ca7abe3015ca840481d219b,0.0
referredby_8a8589d8548faed501549a0fd1d72170,0.0
bank_branch_clients_RING ROAD,0.0
"bank_branch_clients_STERLING BANK PLC 102, IJU ROAD, IFAKO BRANCH",0.0
bank_branch_clients_TINCAN,0.0
bank_branch_clients_TRANS AMADI,0.0
"bank_branch_clients_WHARF ROAD, APAPA",0.0
employment_status_clients_Retired,0.0
level_of_education_clients_Primary,0.0
referredby_8a81899e529ba94b01529c8baba42daa,0.0
referredby_8a8588dc536a141301538365df9251b8,0.0
referredby_8a85880353acff880153af354a6719df,0.0
referredby_8a85882653bc51f50153d00a923d26cb,0.0
referredby_8a85883353e2e4e40153eca57a9855c6,0.0
referredby_8a85884e54a0565b0154a05a7dd10159,0.0
referredby_8a858899538ddb8e01539eccc3c375fe,0.0
referredby_8a858899538ddb8e0153a780c56e34bb,0.0
referredby_8a85889953a91b8d0153ac729ae74066,0.0
referredby_8a8588bd5369b66d0153741340f755e0,0.0
referredby_8a8189f9528494e4015284e68a250edb,0.0
referredby_8a858ed45c454c11015c4e1307e35dd9,0.0
referredby_8a858ed45c454c11015c544fc1dd3dd4,0.0
referredby_8a858ed55c63db54015c69c1af982dbf,0.0
referredby_8a858ed75732b681015744c9dee21aae,0.0
referredby_8a858ed75bb64559015bc473d5394709,0.0
referredby_8a858ed75bc9016e015bcda844376e7d,0.0
referredby_8a858ed95cc5bd6b015cc62436ae43be,0.0
referredby_8a858e625c8d993a015c944701ea0746,0.0
referredby_8a858eda5c8863ff015c8b96e5fd74d0,0.0
referredby_8a858eda5c8863ff015c927d4b997fa1,0.0
referredby_8a858eda5c8863ff015c96c523266b34,0.0
referredby_8a858eda5c8863ff015c9dead65807bb,0.0
referredby_8a858edb552adcfd015531bdc5371d37,0.0
referredby_8a858edb5ad79cc6015ad7c9b29415c8,0.0
referredby_8a858edb5b8210eb015b85ca659f7bc4,0.0
referredby_8a858edb5bd936e4015bdf8a95d7656a,0.0
referredby_8a858eda552adcc2015548f0eb523fc3,0.0
referredby_8a858eba5c884d2a015c93b1d62410fb,0.0
referredby_8a858eba5c884d2a015c9952e5dd397b,0.0
referredby_8a858ebb5adce699015adea5d5ae51b3,0.0
referredby_8a858ebd5b254c8b015b254cc8580023,0.0
referredby_8a858ebd5b5d50d9015b5d8c6c953f04,0.0
referredby_8a858ec25a4d1d16015a5004af0d4d20,0.0
referredby_8a858ec358dc5c130158ea2c46c124be,0.0
referredby_8a858ec559dbb41a0159dd81258b41c4,0.0
referredby_8a858ed45c454c11015c4931bd2b0a91,0.0
referredby_8a858ec65cc6352b015cc75880264271,0.0
referredby_8a858ec7577545eb0157758e344615b5,0.0
referredby_8a858ec75bfd77c4015c0cf0e67618d2,0.0
referredby_8a858ec75c11a07a015c15742adc38b2,0.0
referredby_8a858ece5c88b58b015c88d082290889,0.0
referredby_8a858ece5cd05041015cd19d339000b9,0.0
referredby_8a858ed1594a282f01594a4d14f50a58,0.0
referredby_8a858ed45bc9a645015bcd35a32e7c91,0.0
referredby_8a858ec55b441639015b46eaa7c63973,0.0
referredby_8a858eec5d4232a5015d4623cd0a048b,0.0
referredby_8a858eed5a42df95015a45e2fcac6aa9,0.0
referredby_8a858eed5af07cc4015af0cc483126df,0.0
referredby_8a858eee58727169015873e03f24718a,0.0
referredby_8a858ef255c55fd60155c738de611535,0.0
referredby_8a858ef458d4a52e0158d858eb5d6456,0.0
referredby_8a858ef458d4a52e0158d959e7501c2f,0.0
referredby_8a858edb5bd936e4015be08d9d5a7916,0.0
referredby_8a858efd5ca70688015caa9a7fda3370,0.0
referredby_8a858efe5bca0a81015bcafa92f72787,0.0
referredby_8a858efe5bca0a81015bcdaee15c0bb3,0.0
referredby_8a858f0056b7cf8e0156c14b37d37121,0.0
referredby_8a858f00590ac4e70159481263652a69,0.0
referredby_8a858f0455d9feaf0155ea840c8f410a,0.0
referredby_8a858f045bab240c015bae905a8e7527,0.0
referredby_8a858f045bab240c015baf9f84ab6e67,0.0
referredby_8a858efa5c646292015c677b34b96abd,0.0
referredby_8a858edb5bd936e4015be394167c4698,0.0
referredby_8a858edc59ee87640159eeb9774f1aa7,0.0
referredby_8a858edc5c7e7da5015c7e8d8b120593,0.0
referredby_8a858edc5c7e7da5015c81ea45c62462,0.0
referredby_8a858edd5c8348c4015c8452bc364cd7,0.0
referredby_8a858ede5ca210f0015ca32170645e53,0.0
referredby_8a858ee05989e8dc01598a1083fa036e,0.0
referredby_8a858ee05bcdea36015bce28178318af,0.0
referredby_8a858eeb5bb559d3015bb57fa13f10de,0.0
referredby_8a858ee45b39aa80015b3b1a1d600f18,0.0
referredby_8a858ee55cb156e6015cb63f19146515,0.0
referredby_8a858ee55cb156e6015cb6a5d8407bd1,0.0
referredby_8a858ee65be8d42d015be8ed0ebb0f5f,0.0
referredby_8a858ee65be8d42d015be94e806334fe,0.0
referredby_8a858ee65be8d42d015bec93bd4c5303,0.0
referredby_8a858ee758a4dfbc0158abd355eb4e87,0.0
referredby_8a858eea5c82f136015c8307f4930b56,0.0
referredby_8a858ee25b34d796015b38cc3d130be8,0.0
referredby_8a858e6f5bce1023015bce19dbbf038d,0.0
referredby_8a858e6f5cd5e874015ce084c86e2a87,0.0
referredby_8a858e705b3a03c7015b3ceed0d531fb,0.0
referredby_8a858e725c360240015c372f0894441b,0.0
referredby_8a858e725c3ae262015c45243caa4f4d,0.0
referredby_8a858e725cf420fd015cf45addee2730,0.0
referredby_8a858e7855113fb701551fe018ce6913,0.0
referredby_8a858eba5c884d2a015c91faae80473d,0.0
referredby_8a858e785c8d9167015c9ca2b58043c6,0.0
referredby_8a858e79568ec7de01568fe1b8e936b3,0.0
referredby_8a858e7c5b15cf3b015b16ca44495b40,0.0
referredby_8a858e875b910dfe015b9ad5d2a2413d,0.0
referredby_8a858e875b910dfe015b9ead5034701d,0.0
referredby_8a858e875b910dfe015ba4a5adbe3ea5,0.0
referredby_8a858e875c63d395015c6c94a4246bf8,0.0
referredby_8a858e875c63d395015c6ef64f313cc2,0.0
referredby_8a858e785c8d9167015c9341c238485a,0.0
referredby_8a858e625c8d993a015c956a81de12f8,0.0
referredby_8a858e625c8d993a015c9bf9278c32f7,0.0
referredby_8a858e645755e62201575e72c8b77fd5,0.0
referredby_8a858e665d3cd100015d3e72f5793f6a,0.0
referredby_8a858e675c3fe0a1015c549c328835a8,0.0
referredby_8a858e695d1e075c015d2ffe8d7d6371,0.0
referredby_8a858e6a5bfd4b54015bfecb639d6d1a,0.0
referredby_8a858e6a5bfd4b54015c0297d9ee75fb,0.0
referredby_8a858e6f5668e01701567140f0f5212c,0.0
referredby_8a858e6c5bd3fbff015bd45bd46f2fbc,0.0
referredby_8a858e6c5c88d145015c89430ef61a5d,0.0
referredby_8a858e6c5c88d145015c8bad507561b8,0.0
referredby_8a858e6c5c88d145015c9817fa35283d,0.0
referredby_8a858e6d57903422015798efba102d26,0.0
referredby_8a858e6d5b252065015b305a3ef77693,0.0
referredby_8a858e6d5b62e36f015b667380e92585,0.0
referredby_8a858e6d5d13b3ca015d15eb12664fd9,0.0
referredby_8a858e6a5bfd4b54015c031f59e70807,0.0
referredby_8a858ea55ac1546c015ac328fdff18ed,0.0
referredby_8a858ea75b679102015b67938ef6030b,0.0
referredby_8a858ea75cef5535015cf36a4ef31265,0.0
referredby_8a858ea85d0e7ed2015d12569c3647ac,0.0
referredby_8a858eaa55a0b8ae0155ad2cab5e49cc,0.0
referredby_8a858eac5c451942015c5635a22f58f6,0.0
referredby_8a858eb45ad1e79e015ad1e81fb6002c,0.0
referredby_8a858eb65b19b654015b19d9d5aa1ba1,0.0
referredby_8a858e885b68546c015b690a3b432fb4,0.0
referredby_8a858eb75c21a2b9015c29ebece12d01,0.0
referredby_8a858eb75c21a2b9015c2a3cd3363330,0.0
referredby_8a858eb75c21a2b9015c300ec2d16eee,0.0
referredby_8a858eb75c21a2b9015c34ec66d87d38,0.0
referredby_8a858eba5b681df4015b7b3b976f62da,0.0
referredby_8a858eba5c884d2a015c8bea59385157,0.0
referredby_8a858eba5c884d2a015c8d20c864739e,0.0
referredby_8a858eba5c884d2a015c9158d0692e5b,0.0
referredby_8a858eb75c21a2b9015c24d4d3203a06,0.0
referredby_8a858e885b68546c015b75b3b5255a0e,0.0
referredby_8a858e885c63d379015c6780ca836514,0.0
referredby_8a858e885c63d379015c67fcbb430feb,0.0
referredby_8a858e885c9c6f96015ca0105213523c,0.0
referredby_8a858e8a575612610157713f256e1d4b,0.0
referredby_8a858e8f5d41c974015d48519bbf103f,0.0
referredby_8a858e935b496584015b496a6fde01f6,0.0
referredby_8a858e935b496584015b4a2c3e973ad3,0.0
referredby_8a858ea555d9e6020155ddcfc66d05ec,0.0
referredby_8a858e955631db44015636df81135c1c,0.0
referredby_8a858e965b5e1b91015b617bcea5726c,0.0
referredby_8a858e985c110418015c112e311e1355,0.0
referredby_8a858e9a54d9121b0154dd1bfff23870,0.0
referredby_8a858e9b560bbd6301561ea184a0102d,0.0
referredby_8a858e9d5bfd7037015c07cdd6f1278d,0.0
referredby_8a858ea35c7ce42e015c7d14e11519d1,0.0
referredby_8a858ea45b35639b015b377182544104,0.0
referredby_8a858e945bfdb9e7015c040d93016282,0.0
